privacy@peopleconnect.us,
support@whitepages.com,
marketing@accudata.com,
privacy@acxiom.com,
info@advcredit.com,
alex@take5mg.com,
tapster@gmail.com,
sherry.booles@alc.com,
onlineops@allwebleads.com,
press@allareacodes.com,
Britt.Gottlieb@altisource.com,
Legal@CBC-Companies.com,
gailm@analytics-iq.com,
dpo@ancestry.com,
info@aslmarketing.com,
swenson@assurance.com,
Sue.Temple@CBC-Companies.com,
avrickdirect@avrick.com,
kit@bcint.com,
compliance@bisi.com,
cklafehn@backgroundchecks.com,
support@beenverified.com,
corporatecompliance@bkfs.com,
cameron.stoll@blackbaud.com,
dwayne.landry@bridgevine.com,
cbcservices@cbcinnovis.com,
james.kinzer@cdk.com,
CTHOMAS@CICCREDIT.COM,
compliance@civisanalytics.com,
clarityconsumers@experian.com,
pei@compactlists.com,
customercare@peoplefinders.com,
compliance@cicreports.com,
dghazaleh@corelogic.com,
privacy@cortera.com,
privacy@cisnationwide.com,
privacy@criminalbackgroundchecks.com,
Webmaster@CriminalScreen.com,
info@onlineinvestigations.com.au,
johnna@datafacts.com,
info@dataamerica.com,
consult@databaseusa.com,
pkuman@v12data.com,
privacyprogramoffice@deluxe.com,
er@datastreamgroup.com,
vtinquiries@equifax.com,
connect@theDMSgrp.com,
bschorer@digitalsegment.com,
Dblackman@drobu.com,
privacyoffice@earlywarning.com,
WSep@ghrr.com,
tshaul@collegeloan.com,
databroker@enformion.com,
Lisa.Gallerano@epsilon.com,
unsubscribe@experian.com,
nerissa.rush@experian.com,
britchie-boland@firstam.com,
joel@firstdirectmarketing.com,
cdenton@firstorion.com,
support@forewarn.com,
support@freecellsearch.com,
dan.wobbekind@fullcontact.com,
greg@fusedleads.com,
kristin.jones@hireright.com,
privacy@goodhire.com,
info@healthcare.com,
info@i-360.com,
ken_meiser@symantec.com,
bruce.noll@ihsmarkit.com,
abby@incheck.net,
elizabeth@goodhire.com,
info@infocore.com,
privacyteam@infogroup.com,
support@infotracer.com,
pedrokialanda@infutor.com,
support@instantcheckmate.com,
jvolk@verisk.com,
support@intelregistry.com,
support@ididata.com,
nate.waymire@backgroundsonline.com,
admin@jverify.com,
privacy@wundermandata.com,
accounts@kgb.com,
bbrownson@knowwho.com,
bruce.willsie@L2Political.com,
legal.compliance@risk.lexisnexis.com,
support@libertydata.net,
email@mapsmoji.com,
mrichard@usinfosearch.com,
peterlong@mchdata.com,
privacy@findmypast.co.uk,
accounting@modernize.com,
contactus@nationalbackgroundcheck.com,
admin@nctue.com,
legal@studentclearinghouse.org,
privacy@team.neustar,
dave@nelists.com,
h.paulus@nexxagroup.com,
JBALBOA@OPENDEALEREXCHANGE.COM,
compliance@openonline.com,
privacy_ww@oracle.com,
tpowell@owneriq.com,
jschwartz@parasolleads.com,
pkarbo@creditinterlink.com,
invoices@path2response.com,
info@peekyou.com,
support@peoplebyname.com,
privacy@peoplelookup.com,
privacy@peoplesmart.com,
support@persopo.com,
help@phonebooks.com,
mail@pipl.com,
george@plmrkg.com,
info@plusaddresscom,
bschorer@possiblenow.com,
matt@applecart.co,
privacy@1and1.com,
privacy@publicrecords.com,
contact@publicrecordssearchonline.org,
andy@revealmobile.com,
content@ancestry.com,
matthussey@infutor.com,
info@skipsmasher.com,
Matt@Socialcatfish.com,
webmaster@oklavoters.com,
mbagley@speedeondata.com,
jmatthes@spokeo.com,
info@spydialer.com,
privacy@sterlingts.com,
info@sterlingd.com,
jdrziak@strategicinfo.com,
info@ThatsThem.com,
dave@lead.co,
privacy.enquiries@refinitiv.com,
TLOxpSupport@transunion.com,
tburke@towerdata.com,
keith.mccawley@transunion.com,
help@truthfinder.com,
bmorgan@twinedata.com,
info@andersonadvisors.com,
webmaster@ultimatewhitepages.org,
datalicensing@valassis.com,
vyp@myyp.com,
bnojima@viantinc.com,
help@VoterFactory.com,
privacy@webbula.com,
sonya.southward@thomsonreuters.com,
mail@whitepages.plus,
support@whoodle.com,
privacy@wiland.com,
info@yasni.com,
privacy@zoominfo.com
